model,patch_size,embed_dim,blocks,heads,mlp_dim,test_accuracy,parameters,estimated_flops,avg_epoch_time_sec,total_training_time_sec
ViT_P4_D256_B4_H4,4,256,4,4,1024,1.08,3214692,213937152,15.047331380844117,164.18733286857605
ViT_P4_D256_B8_H8,4,256,8,8,1024,1.0,6373732,427062272,31.286373829841615,329.3430366516113
ViT_P8_D256_B4_H4,8,256,4,4,1024,2.68,3239268,54881280,9.524711155891419,108.94498634338379
ViT_P8_D512_B8_H8,8,512,8,8,2048,1.0,25379428,431810560,27.63034760951996,289.99168062210083
ResNet18_Scratch,N/A,N/A,N/A,N/A,N/A,48.21,11227812,37072356,13.724850177764893,150.7640883922577
